{
	"credit": "Made with Blockbench",
	"textures": {
		"0": "cem/zombie",
		"particle": "cem/zombie"
	},
	"elements": [
		{
			"from": [3, 0, 2],
			"to": [13, 1, 7],
			"faces": {
				"north": {"uv": [1.5, 6, 8, 6.5], "texture": "#0"},
				"east": {"uv": [3, 6, 8, 6.5], "texture": "#0"},
				"south": {"uv": [2, 6, 8, 6.5], "texture": "#0"},
				"west": {"uv": [3, 6, 8, 6.5], "texture": "#0"},
				"up": {"uv": [11.5, 8.5, 15, 13.5], "texture": "#0"},
				"down": {"uv": [11.5, 8.5, 15, 13.5], "texture": "#0"}
			}
		},
		{
			"from": [4, 1, 3],
			"to": [12, 1.5, 7],
			"faces": {
				"north": {"uv": [1.5, 6, 8, 6.5], "texture": "#0"},
				"east": {"uv": [3, 6, 7, 6.5], "texture": "#0"},
				"south": {"uv": [2, 6, 8, 6.5], "texture": "#0"},
				"west": {"uv": [3, 6, 7, 6.5], "texture": "#0"},
				"up": {"uv": [11.5, 5, 14.5, 8], "texture": "#0"},
				"down": {"uv": [0, 0, 8, 4], "texture": "#0"}
			}
		},
		{
			"from": [7, -0.5, 1],
			"to": [9, 7, 6],
			"faces": {
				"north": {"uv": [9, 0.5, 10.5, 5], "texture": "#0"},
				"east": {"uv": [11.5, 8.5, 15, 13.5], "texture": "#0"},
				"south": {"uv": [0, 1, 2, 4.5], "texture": "#0"},
				"west": {"uv": [11.5, 8.5, 15, 13.5], "texture": "#0"},
				"up": {"uv": [0, 1, 2, 7], "texture": "#0"},
				"down": {"uv": [0, 0, 2, 5], "texture": "#0"}
			}
		},
		{
			"from": [6, 1.5, 4],
			"to": [10, 3, 7],
			"faces": {
				"north": {"uv": [9, 6, 11, 8], "texture": "#0"},
				"east": {"uv": [9, 6, 11, 8], "texture": "#0"},
				"south": {"uv": [11.5, 5, 14.5, 7], "texture": "#0"},
				"west": {"uv": [9, 6, 11, 8], "texture": "#0"},
				"up": {"uv": [11.5, 5.5, 14.5, 8], "texture": "#0"},
				"down": {"uv": [0, 0, 4, 3], "texture": "#0"}
			}
		},
		{
			"from": [6, 1.8, 1.5],
			"to": [10, 3.8, 3.5],
			"faces": {
				"north": {"uv": [3, 10.5, 8.5, 13.5], "texture": "#0", "rotation": 180},
				"east": {"uv": [0.5, 8, 3.5, 11], "texture": "#0"},
				"south": {"uv": [3, 10.5, 8.5, 13.5], "texture": "#0"},
				"west": {"uv": [3, 8, 6, 11], "texture": "#0"},
				"up": {"uv": [3, 10.5, 8.5, 13.5], "texture": "#0"},
				"down": {"uv": [3, 10.5, 8.5, 13.5], "texture": "#0"}
			}
		},
		{
			"from": [7.5, 0.5, 0.5],
			"to": [8.5, 6, 1],
			"faces": {
				"north": {"uv": [9, 0.5, 10.5, 5], "texture": "#0"},
				"east": {"uv": [0, 0, 0.5, 5.5], "texture": "#0"},
				"south": {"uv": [0, 0, 1, 5.5], "texture": "#0"},
				"west": {"uv": [0, 0, 0.5, 5.5], "texture": "#0"},
				"up": {"uv": [0, 0, 0.5, 0.5], "texture": "#0"},
				"down": {"uv": [0, 0, 0.5, 0.5], "texture": "#0"}
			}
		},
		{
			"from": [6, 4.5, 1.5],
			"to": [10, 6.5, 3.5],
			"faces": {
				"north": {"uv": [3, 10.5, 8.5, 13.5], "texture": "#0"},
				"east": {"uv": [3, 8, 6, 11], "texture": "#0"},
				"south": {"uv": [3, 10.5, 8.5, 13.5], "texture": "#0", "rotation": 180},
				"west": {"uv": [0.5, 10.5, 3.5, 13.5], "texture": "#0"},
				"up": {"uv": [3, 10.5, 8.5, 13.5], "texture": "#0", "rotation": 180},
				"down": {"uv": [6, 8.5, 8, 10.5], "texture": "#0"}
			}
		}
	]
}