{
	"credit": "Made with Blockbench, a free, modern block model editor by JannisX11",
	"textures": {
		"0": "block/brown_mushroom",
		"particle": "block/brown_mushroom"
	},
	"elements": [
		{
			"name": "cube",
			"from": [7.5, 0, 7.5],
			"to": [8.5, 5, 8.5],
			"faces": {
				"north": {"uv": [6, 1, 7, 4], "texture": "#0"},
				"east": {"uv": [6, 1, 7, 4], "texture": "#0"},
				"south": {"uv": [6, 1, 7, 4], "texture": "#0"},
				"west": {"uv": [6, 1, 7, 4], "texture": "#0"},
				"up": {"uv": [6, 6, 7, 7], "texture": "#0"},
				"down": {"uv": [0, 0, 1, 1], "texture": "#0"}
			},
			"type": "cube"
		},
		{
			"name": "cube",
			"from": [7.5, 3.5, 5],
			"to": [8.5, 4.5, 7.5],
			"faces": {
				"north": {"uv": [10, 5, 11, 6], "texture": "#0"},
				"east": {"uv": [11, 5, 13.5, 6], "texture": "#0"},
				"south": {"uv": [0, 0, 1, 1], "texture": "#0"},
				"west": {"uv": [10, 5, 12.5, 6], "texture": "#0"},
				"up": {"uv": [10, 6, 11, 8.5], "texture": "#0"},
				"down": {"uv": [10, 6, 11, 8.5], "texture": "#0"}
			},
			"type": "cube"
		},
		{
			"name": "cube",
			"from": [7.5, 4.5, 5],
			"to": [8.5, 8.5, 6],
			"faces": {
				"north": {"uv": [11, 7, 12, 11], "texture": "#0"},
				"east": {"uv": [11, 7, 12, 11], "texture": "#0"},
				"south": {"uv": [11, 7, 12, 11], "texture": "#0"},
				"west": {"uv": [11, 7, 12, 11], "texture": "#0"},
				"up": {"uv": [0, 0, 1, 1], "texture": "#0"},
				"down": {"uv": [0, 0, 1, 1], "texture": "#0"}
			},
			"type": "cube"
		},
		{
			"name": "cube",
			"from": [8.25, 3.5, 7.75],
			"to": [10.25, 4, 8.25],
			"faces": {
				"north": {"uv": [0, 0, 2, 0.5], "texture": "#0"},
				"east": {"uv": [0, 0, 0.5, 0.5], "texture": "#0"},
				"south": {"uv": [0, 0, 2, 0.5], "texture": "#0"},
				"west": {"uv": [0, 0, 0.5, 0.5], "texture": "#0"},
				"up": {"uv": [0, 0, 2, 0.5], "texture": "#0"},
				"down": {"uv": [0, 0, 2, 0.5], "texture": "#0"}
			},
			"type": "cube"
		},
		{
			"name": "cube",
			"from": [10.25, 3.5, 7.75],
			"to": [10.75, 5.5, 8.25],
			"faces": {
				"north": {"uv": [11, 7, 12, 11], "texture": "#0"},
				"east": {"uv": [11, 7, 12, 11], "texture": "#0"},
				"south": {"uv": [11, 7, 12, 11], "texture": "#0"},
				"west": {"uv": [11, 7, 12, 11], "texture": "#0"},
				"up": {"uv": [0, 0, 0.5, 0.5], "texture": "#0"},
				"down": {"uv": [0, 0, 0.5, 0.5], "texture": "#0"}
			},
			"type": "cube"
		},
		{
			"name": "cube",
			"from": [9.25, 5.5, 6.75],
			"to": [11.75, 6, 9.25],
			"faces": {
				"north": {"uv": [0, 0, 2.5, 0.5], "texture": "#0"},
				"east": {"uv": [0, 0, 2.5, 0.5], "texture": "#0"},
				"south": {"uv": [0, 0, 2.5, 0.5], "texture": "#0"},
				"west": {"uv": [0, 0, 2.5, 0.5], "texture": "#0"},
				"up": {"uv": [0, 10, 4, 14], "texture": "#0"},
				"down": {"uv": [0, 0, 4, 4], "texture": "#0"}
			},
			"type": "cube"
		},
		{
			"name": "cube",
			"from": [5.5, 8.5, 3],
			"to": [10.5, 9, 8],
			"faces": {
				"north": {"uv": [0, 10, 4, 10.5], "texture": "#0"},
				"east": {"uv": [0, 10, 4, 10.5], "texture": "#0"},
				"south": {"uv": [0, 10, 4, 10.5], "texture": "#0"},
				"west": {"uv": [0, 10, 4, 10.5], "texture": "#0"},
				"up": {"uv": [5, 5, 9, 9], "texture": "#0"},
				"down": {"uv": [0, 0, 4, 4], "texture": "#0"}
			},
			"type": "cube"
		},
		{
			"name": "cube",
			"from": [6.25, 0, 7.75],
			"to": [10.25, 0.5, 8.25],
			"faces": {
				"north": {"uv": [0, 0, 4, 0.5], "texture": "#0"},
				"east": {"uv": [0, 0, 0.5, 0.5], "texture": "#0"},
				"south": {"uv": [0, 0, 4, 0.5], "texture": "#0"},
				"west": {"uv": [0, 0, 0.5, 0.5], "texture": "#0"},
				"up": {"uv": [0, 0, 4, 0.5], "texture": "#0"},
				"down": {"uv": [0, 0, 4, 0.5], "texture": "#0"}
			},
			"type": "cube"
		},
		{
			"name": "cube",
			"from": [10.25, 0, 7.75],
			"to": [10.75, 0.5, 10.75],
			"faces": {
				"north": {"uv": [0, 0, 0.5, 0.5], "texture": "#0"},
				"east": {"uv": [0, 0, 3, 0.5], "texture": "#0"},
				"south": {"uv": [0, 0, 0.5, 0.5], "texture": "#0"},
				"west": {"uv": [0, 0, 3, 0.5], "texture": "#0"},
				"up": {"uv": [0, 0, 0.5, 3], "texture": "#0"},
				"down": {"uv": [0, 0, 0.5, 3], "texture": "#0"}
			},
			"type": "cube"
		},
		{
			"name": "cube",
			"from": [6.25, 0, 4.75],
			"to": [6.75, 0.5, 7.75],
			"faces": {
				"north": {"uv": [0, 0, 0.5, 0.5], "texture": "#0"},
				"east": {"uv": [0, 0, 3, 0.5], "texture": "#0"},
				"south": {"uv": [0, 0, 0.5, 0.5], "texture": "#0"},
				"west": {"uv": [0, 0, 3, 0.5], "texture": "#0"},
				"up": {"uv": [0, 0, 0.5, 3], "texture": "#0"},
				"down": {"uv": [0, 0, 0.5, 3], "texture": "#0"}
			},
			"type": "cube"
		},
		{
			"name": "cube",
			"from": [9.25, 0, 7.75],
			"to": [9.75, 0.25, 8.75],
			"faces": {
				"north": {"uv": [0, 0, 0.5, 0.25], "texture": "#0"},
				"east": {"uv": [0, 0, 1, 0.25], "texture": "#0"},
				"south": {"uv": [0, 0, 0.5, 0.25], "texture": "#0"},
				"west": {"uv": [0, 0, 1, 0.25], "texture": "#0"},
				"up": {"uv": [0, 0, 0.5, 1], "texture": "#0"},
				"down": {"uv": [0, 0, 0.5, 1], "texture": "#0"}
			},
			"type": "cube"
		},
		{
			"name": "cube",
			"from": [10.25, 0, 8.75],
			"to": [12.25, 0.25, 9.25],
			"faces": {
				"north": {"uv": [0, 0, 2, 0.25], "texture": "#0"},
				"east": {"uv": [0, 0, 0.5, 0.25], "texture": "#0"},
				"south": {"uv": [0, 0, 2, 0.25], "texture": "#0"},
				"west": {"uv": [0, 0, 0.5, 0.25], "texture": "#0"},
				"up": {"uv": [0, 0, 2, 0.5], "texture": "#0"},
				"down": {"uv": [0, 0, 2, 0.5], "texture": "#0"}
			},
			"type": "cube"
		},
		{
			"name": "cube",
			"from": [4.25, 0, 6.75],
			"to": [6.25, 0.25, 7.25],
			"faces": {
				"north": {"uv": [0, 0, 2, 0.25], "texture": "#0"},
				"east": {"uv": [0, 0, 0.5, 0.25], "texture": "#0"},
				"south": {"uv": [0, 0, 2, 0.25], "texture": "#0"},
				"west": {"uv": [0, 0, 0.5, 0.25], "texture": "#0"},
				"up": {"uv": [0, 0, 2, 0.5], "texture": "#0"},
				"down": {"uv": [0, 0, 2, 0.5], "texture": "#0"}
			},
			"type": "cube"
		},
		{
			"name": "cube",
			"from": [6.25, 0, 7.75],
			"to": [6.75, 0.25, 9.75],
			"faces": {
				"north": {"uv": [0, 0, 0.5, 0.25], "texture": "#0"},
				"east": {"uv": [0, 0, 2, 0.25], "texture": "#0"},
				"south": {"uv": [0, 0, 0.5, 0.25], "texture": "#0"},
				"west": {"uv": [0, 0, 2, 0.25], "texture": "#0"},
				"up": {"uv": [0, 0, 0.5, 2], "texture": "#0"},
				"down": {"uv": [0, 0, 0.5, 2], "texture": "#0"}
			},
			"type": "cube"
		},
		{
			"name": "cube",
			"from": [7.25, 0, 5.75],
			"to": [7.75, 0.25, 7.75],
			"faces": {
				"north": {"uv": [0, 0, 0.5, 0.25], "texture": "#0"},
				"east": {"uv": [0, 0, 2, 0.25], "texture": "#0"},
				"south": {"uv": [0, 0, 0.5, 0.25], "texture": "#0"},
				"west": {"uv": [0, 0, 2, 0.25], "texture": "#0"},
				"up": {"uv": [0, 0, 0.5, 2], "texture": "#0"},
				"down": {"uv": [0, 0, 0.5, 2], "texture": "#0"}
			},
			"type": "cube"
		},
		{
			"name": "cube",
			"from": [7.75, 2, 7.75],
			"to": [8.25, 2.5, 8.75],
			"faces": {
				"north": {"uv": [0, 0, 0.5, 0.5], "texture": "#0"},
				"east": {"uv": [1, 1, 3, 3], "texture": "#0"},
				"south": {"uv": [1, 1, 3, 3], "texture": "#0"},
				"west": {"uv": [1, 1, 3, 3], "texture": "#0"},
				"up": {"uv": [1, 1, 3, 3], "texture": "#0"},
				"down": {"uv": [1, 1, 3, 3], "texture": "#0"}
			},
			"type": "cube"
		},
		{
			"name": "cube",
			"from": [7.6, 2.6, 7.75],
			"to": [7.799999999999999, 2.8000000000000003, 8.65],
			"faces": {
				"north": {
					"uv": [
						0,
						0,
						0.1999999999999993,
						0.20000000000000018
					],
					"texture": "#0"
				},
				"east": {
					"uv": [
						1,
						1,
						1.9000000000000004,
						1.2000000000000002
					],
					"texture": "#0"
				},
				"south": {
					"uv": [
						1,
						1,
						1.1999999999999993,
						1.2000000000000002
					],
					"texture": "#0"
				},
				"west": {
					"uv": [
						1,
						1,
						1.9000000000000004,
						1.2000000000000002
					],
					"texture": "#0"
				},
				"up": {
					"uv": [
						1,
						1,
						1.1999999999999993,
						1.9000000000000004
					],
					"texture": "#0"
				},
				"down": {"uv": [1, 1, 3, 3], "texture": "#0"}
			},
			"type": "cube"
		},
		{
			"name": "cube",
			"from": [8, 2.9, 7.75],
			"to": [8.1, 3, 8.61],
			"faces": {
				"north": {
					"uv": [
						0,
						0,
						0.09999999999999964,
						0.10000000000000009
					],
					"texture": "#0"
				},
				"east": {
					"uv": [1, 1, 1.8599999999999994, 1.1],
					"texture": "#0"
				},
				"south": {
					"uv": [1, 1, 1.0999999999999996, 1.1],
					"texture": "#0"
				},
				"west": {
					"uv": [1, 1, 1.8599999999999994, 1.1],
					"texture": "#0"
				},
				"up": {
					"uv": [
						1,
						1,
						1.0999999999999996,
						1.8599999999999994
					],
					"texture": "#0"
				},
				"down": {"uv": [1, 1, 3, 3], "texture": "#0"}
			},
			"type": "cube"
		},
		{
			"name": "cube",
			"from": [7.3, 4, 7.65],
			"to": [7.8, 4.5, 8.15],
			"faces": {
				"north": {"uv": [1, 1, 2.5, 2.5], "texture": "#0"},
				"east": {"uv": [1, 1, 1.5, 1.5], "texture": "#0"},
				"south": {"uv": [1, 1, 1.5, 1.5], "texture": "#0"},
				"west": {"uv": [1, 1, 1.5, 1.5], "texture": "#0"},
				"up": {"uv": [1, 1, 1.5, 1.5], "texture": "#0"},
				"down": {"uv": [1, 1, 1.5, 1.5], "texture": "#0"}
			},
			"type": "cube"
		},
		{
			"name": "cube",
			"from": [7.3, 3.5, 8.1],
			"to": [7.6, 3.8, 8.4],
			"faces": {
				"north": {
					"uv": [
						1,
						1,
						1.2999999999999998,
						1.2999999999999998
					],
					"texture": "#0"
				},
				"east": {
					"uv": [
						1,
						1,
						1.3000000000000007,
						1.2999999999999998
					],
					"texture": "#0"
				},
				"south": {
					"uv": [
						1,
						1,
						1.2999999999999998,
						1.2999999999999998
					],
					"texture": "#0"
				},
				"west": {
					"uv": [
						1,
						1,
						1.3000000000000007,
						1.2999999999999998
					],
					"texture": "#0"
				},
				"up": {
					"uv": [
						1,
						1,
						1.2999999999999998,
						1.3000000000000007
					],
					"texture": "#0"
				},
				"down": {
					"uv": [
						1,
						1,
						1.2999999999999998,
						1.3000000000000007
					],
					"texture": "#0"
				}
			},
			"type": "cube"
		},
		{
			"name": "cube",
			"from": [7.699999999999999, 1.7999999999999998, 7.3],
			"to": [7.999999999999999, 2.0999999999999996, 7.6],
			"faces": {
				"north": {
					"uv": [
						1,
						1,
						1.2999999999999998,
						1.2999999999999998
					],
					"texture": "#0"
				},
				"east": {
					"uv": [
						1,
						1,
						1.2999999999999998,
						1.2999999999999998
					],
					"texture": "#0"
				},
				"south": {
					"uv": [
						1,
						1,
						1.2999999999999998,
						1.2999999999999998
					],
					"texture": "#0"
				},
				"west": {
					"uv": [
						1,
						1,
						1.2999999999999998,
						1.2999999999999998
					],
					"texture": "#0"
				},
				"up": {
					"uv": [
						1,
						1,
						1.2999999999999998,
						1.2999999999999998
					],
					"texture": "#0"
				},
				"down": {
					"uv": [
						1,
						1,
						1.2999999999999998,
						1.2999999999999998
					],
					"texture": "#0"
				}
			},
			"type": "cube"
		}
	]
}