{
	"credit": "Made with Blockbench",
	"textures": {
		"0": "block/redstone_torch",
		"1": "block/daylight_sensor2",
		"2": "block/daylight_sensor1",
		"particle": "block/redstone_torch"
	},
	"elements": [
		{
			"name": "cube",
			"from": [0, 0, 0],
			"to": [16, 1, 16],
			"faces": {
				"north": {"uv": [0, 15, 16, 16], "texture": "#2"},
				"east": {"uv": [0, 15, 16, 16], "texture": "#2"},
				"south": {"uv": [0, 15, 16, 16], "texture": "#2"},
				"west": {"uv": [0, 15, 16, 16], "texture": "#2"},
				"up": {"uv": [0, 0, 16, 16], "texture": "#2"},
				"down": {"uv": [0, 0, 16, 16], "texture": "#2"}
			}
		},
		{
			"name": "cube",
			"from": [1, 1, 15.100000000000001],
			"to": [15, 14, 16.1],
			"faces": {
				"north": {"uv": [0, 0, 16, 16], "texture": "#2"},
				"east": {"uv": [10, 0, 16, 6], "texture": "#2"},
				"south": {"uv": [0, 0, 16, 16], "texture": "#2"},
				"west": {"uv": [10, 0, 16, 6], "texture": "#2"},
				"up": {"uv": [0, 0, 16, 1], "texture": "#2"},
				"down": {"uv": [10, 0, 16, 6], "texture": "#2"}
			}
		},
		{
			"name": "cube",
			"from": [15, 1, 0],
			"to": [16, 14, 16],
			"rotation": {
				"angle": 0,
				"axis": "y",
				"origin": [15.5, 8, 8]
			},
			"faces": {
				"north": {"uv": [0, 15, 16, 16], "texture": "#2"},
				"east": {"uv": [0, 0, 16, 16], "texture": "#2"},
				"south": {"uv": [0, 15, 16, 16], "texture": "#2"},
				"west": {"uv": [0, 0, 16, 16], "texture": "#2"},
				"up": {
					"uv": [0, 15, 16, 16],
					"texture": "#2",
					"rotation": 270
				},
				"down": {
					"uv": [0, 0, 16, 16],
					"texture": "#2",
					"rotation": 90
				}
			}
		},
		{
			"name": "cube",
			"from": [0, 1, 0],
			"to": [1, 14, 16],
			"rotation": {
				"angle": 0,
				"axis": "y",
				"origin": [0.5, 8, 8]
			},
			"faces": {
				"north": {"uv": [0, 15, 16, 16], "texture": "#2"},
				"east": {"uv": [0, 0, 16, 16], "texture": "#2"},
				"south": {"uv": [0, 15, 16, 16], "texture": "#2"},
				"west": {"uv": [0, 0, 16, 16], "texture": "#2"},
				"up": {
					"uv": [0, 15, 16, 16],
					"texture": "#2",
					"rotation": 270
				},
				"down": {
					"uv": [0, 0, 16, 16],
					"texture": "#2",
					"rotation": 90
				}
			}
		},
		{
			"name": "cube",
			"from": [6, 3, 7],
			"to": [10, 8, 15],
			"faces": {
				"north": {"uv": [0, 0, 16, 16], "texture": "#2"},
				"east": {"uv": [0, 0, 16, 16], "texture": "#2"},
				"south": {"uv": [0, 0, 4, 5], "texture": "#2"},
				"west": {"uv": [0, 0, 16, 16], "texture": "#2"},
				"up": {"uv": [0, 0, 1, 3], "texture": "#2"},
				"down": {"uv": [0, 0, 4, 3], "texture": "#2"}
			}
		},
		{
			"name": "cube",
			"from": [7, 5, -9],
			"to": [9, 7, 7],
			"faces": {
				"north": {"uv": [10, 10, 11, 12], "texture": "#1"},
				"east": {
					"uv": [0, 7, 3, 16],
					"texture": "#1",
					"rotation": 270
				},
				"south": {"uv": [0, 7, 3, 16], "texture": "#1"},
				"west": {
					"uv": [0, 7, 3, 16],
					"texture": "#1",
					"rotation": 90
				},
				"up": {
					"uv": [0, 7, 3, 16],
					"texture": "#1",
					"rotation": 180
				},
				"down": {"uv": [0, 7, 3, 16], "texture": "#1"}
			}
		},
		{
			"name": "cube",
			"from": [7, 6, 13],
			"to": [9, 11, 16],
			"faces": {
				"north": {"uv": [0, 0, 16, 16], "texture": "#2"},
				"east": {"uv": [0, 0, 3, 5], "texture": "#2"},
				"south": {"uv": [0, 0, 4, 5], "texture": "#2"},
				"west": {"uv": [0, 0, 3, 5], "texture": "#2"},
				"up": {"uv": [0, 0, 4, 3], "texture": "#2"},
				"down": {"uv": [0, 0, 4, 3], "texture": "#2"}
			}
		},
		{
			"name": "cube",
			"from": [6, 10, 8],
			"to": [10, 13, 15],
			"faces": {
				"north": {"uv": [4, 4, 8, 7], "texture": "#2"},
				"east": {"uv": [4, 4, 11, 7], "texture": "#2"},
				"south": {"uv": [0, 0, 4, 3], "texture": "#2"},
				"west": {"uv": [4, 4, 11, 7], "texture": "#2"},
				"up": {"uv": [2, 2, 6, 9], "texture": "#2"},
				"down": {"uv": [4, 4, 8, 11], "texture": "#2"}
			}
		},
		{
			"name": "cube",
			"from": [7.4, 7.5, -2],
			"to": [8.700000000000001, 8.5, 13],
			"faces": {
				"north": {
					"uv": [0, 15, 1.3000000000000007, 16],
					"texture": "#1"
				},
				"east": {
					"uv": [0, 1, 1, 16],
					"texture": "#1",
					"rotation": 270
				},
				"south": {
					"uv": [0, 7, 1.3000000000000007, 8],
					"texture": "#1"
				},
				"west": {
					"uv": [0, 1, 1, 16],
					"texture": "#1",
					"rotation": 90
				},
				"up": {
					"uv": [0, 6, 3, 16],
					"texture": "#1",
					"rotation": 180
				},
				"down": {
					"uv": [0, 1, 1.3000000000000007, 16],
					"texture": "#1"
				}
			}
		},
		{
			"name": "cube",
			"from": [6.76, 10.2, 7.5],
			"to": [9.26, 12.7, 8.5],
			"faces": {
				"north": {"uv": [7, 8, 9, 10], "texture": "#0"},
				"east": {"uv": [7, 8, 9, 10], "texture": "#0"},
				"south": {"uv": [7, 8, 9, 10], "texture": "#0"},
				"west": {"uv": [7, 8, 9, 10], "texture": "#0"},
				"up": {"uv": [7, 8, 9, 10], "texture": "#0"},
				"down": {"uv": [7, 8, 9, 10], "texture": "#0"}
			}
		},
		{
			"name": "cube",
			"from": [8.5, 5, -12],
			"to": [9, 7, -9],
			"faces": {
				"north": {"uv": [0, 14, 0.5, 16], "texture": "#1"},
				"east": {
					"uv": [0, 14, 0.5, 16],
					"texture": "#1",
					"rotation": 270
				},
				"south": {"uv": [0, 14, 0.5, 16], "texture": "#1"},
				"west": {
					"uv": [0, 14, 0.5, 16],
					"texture": "#1",
					"rotation": 90
				},
				"up": {
					"uv": [0, 14, 0.5, 16],
					"texture": "#1",
					"rotation": 180
				},
				"down": {"uv": [0, 14, 0.5, 16], "texture": "#1"}
			}
		},
		{
			"name": "cube",
			"from": [7, 5, -12],
			"to": [7.5, 7, -9],
			"faces": {
				"north": {"uv": [0, 14, 0.5, 16], "texture": "#1"},
				"east": {
					"uv": [0, 14, 0.5, 16],
					"texture": "#1",
					"rotation": 270
				},
				"south": {"uv": [0, 14, 0.5, 16], "texture": "#1"},
				"west": {
					"uv": [0, 14, 0.5, 16],
					"texture": "#1",
					"rotation": 90
				},
				"up": {
					"uv": [0, 14, 0.5, 16],
					"texture": "#1",
					"rotation": 180
				},
				"down": {"uv": [0, 14, 0.5, 16], "texture": "#1"}
			}
		},
		{
			"name": "cube",
			"from": [7, 6.5, -12],
			"to": [9, 7, -9],
			"rotation": {
				"angle": 0,
				"axis": "z",
				"origin": [8, 6.75, -10.5]
			},
			"faces": {
				"north": {
					"uv": [0, 14, 0.5, 16],
					"texture": "#1",
					"rotation": 90
				},
				"east": {
					"uv": [0, 14, 0.5, 16],
					"texture": "#1",
					"rotation": 270
				},
				"south": {
					"uv": [0, 14, 0.5, 16],
					"texture": "#1",
					"rotation": 270
				},
				"west": {
					"uv": [0, 14, 0.5, 16],
					"texture": "#1",
					"rotation": 90
				},
				"up": {
					"uv": [0, 14, 0.5, 16],
					"texture": "#1",
					"rotation": 180
				},
				"down": {"uv": [0, 14, 0.5, 16], "texture": "#1"}
			}
		},
		{
			"name": "cube",
			"from": [7, 5, -12],
			"to": [9, 5.5, -9],
			"rotation": {
				"angle": 0,
				"axis": "z",
				"origin": [8, 5.25, -10.5]
			},
			"faces": {
				"north": {
					"uv": [0, 14, 0.5, 16],
					"texture": "#1",
					"rotation": 90
				},
				"east": {
					"uv": [0, 14, 0.5, 16],
					"texture": "#1",
					"rotation": 270
				},
				"south": {
					"uv": [0, 14, 0.5, 16],
					"texture": "#1",
					"rotation": 270
				},
				"west": {
					"uv": [0, 14, 0.5, 16],
					"texture": "#1",
					"rotation": 90
				},
				"up": {
					"uv": [0, 14, 0.5, 16],
					"texture": "#1",
					"rotation": 180
				},
				"down": {"uv": [0, 14, 0.5, 16], "texture": "#1"}
			}
		},
		{
			"name": "cube",
			"from": [6, 1, -1],
			"to": [10, 6, 7],
			"faces": {
				"north": {"uv": [2, 2, 14, 14], "texture": "#2"},
				"east": {"uv": [2, 2, 14, 14], "texture": "#2"},
				"south": {"uv": [2, 2, 14, 14], "texture": "#2"},
				"west": {"uv": [2, 2, 14, 14], "texture": "#2"},
				"up": {"uv": [2, 2, 14, 14], "texture": "#2"},
				"down": {"uv": [2, 2, 14, 14], "texture": "#2"}
			}
		},
		{
			"name": "cube",
			"from": [6, 4.3, -8],
			"to": [10, 5.8, -4],
			"faces": {
				"north": {"uv": [10, 0, 16, 12], "texture": "#1"},
				"east": {"uv": [10, 0, 16, 12], "texture": "#1"},
				"south": {"uv": [10, 0, 16, 12], "texture": "#1"},
				"west": {"uv": [10, 0, 16, 12], "texture": "#1"},
				"up": {"uv": [10, 0, 16, 12], "texture": "#1"},
				"down": {"uv": [10, 0, 16, 12], "texture": "#1"}
			}
		},
		{
			"name": "cube",
			"from": [-1, 0, 4.5],
			"to": [0, 7, 11.5],
			"rotation": {
				"angle": 0,
				"axis": "y",
				"origin": [-0.5, 4, 8.5]
			},
			"faces": {
				"north": {"uv": [4, 4, 5, 11], "texture": "#2"},
				"east": {"uv": [4, 4, 11, 11], "texture": "#2"},
				"south": {"uv": [4, 4, 5, 11], "texture": "#2"},
				"west": {"uv": [4, 4, 11, 11], "texture": "#2"},
				"up": {
					"uv": [4, 4, 11, 5],
					"texture": "#2",
					"rotation": 270
				},
				"down": {
					"uv": [4, 4, 11, 5],
					"texture": "#2",
					"rotation": 90
				}
			}
		},
		{
			"name": "cube",
			"from": [16, 0, 4.5],
			"to": [17, 7, 11.5],
			"rotation": {
				"angle": 0,
				"axis": "y",
				"origin": [16.5, 4, 8.5]
			},
			"faces": {
				"north": {"uv": [4, 4, 5, 11], "texture": "#2"},
				"east": {"uv": [4, 4, 11, 11], "texture": "#2"},
				"south": {"uv": [4, 4, 5, 11], "texture": "#2"},
				"west": {"uv": [4, 4, 11, 11], "texture": "#2"},
				"up": {
					"uv": [4, 4, 11, 5],
					"texture": "#2",
					"rotation": 270
				},
				"down": {
					"uv": [4, 4, 11, 5],
					"texture": "#2",
					"rotation": 90
				}
			}
		},
		{
			"name": "cube",
			"from": [-2, 0, 6.5],
			"to": [-1, 3, 9.5],
			"rotation": {
				"angle": 0,
				"axis": "y",
				"origin": [-1.5, 2, 8.5]
			},
			"faces": {
				"north": {"uv": [11, 6, 13, 8], "texture": "#0"},
				"east": {"uv": [11, 6, 13, 8], "texture": "#0"},
				"south": {"uv": [11, 6, 13, 8], "texture": "#0"},
				"west": {"uv": [11, 6, 13, 8], "texture": "#0"},
				"up": {
					"uv": [11, 6, 13, 8],
					"texture": "#0",
					"rotation": 270
				},
				"down": {
					"uv": [11, 6, 13, 8],
					"texture": "#0",
					"rotation": 90
				}
			}
		},
		{
			"name": "cube",
			"from": [17, 0, 6.5],
			"to": [18, 3, 9.5],
			"rotation": {
				"angle": 0,
				"axis": "y",
				"origin": [17.5, 2, 8.5]
			},
			"faces": {
				"north": {"uv": [11, 6, 13, 8], "texture": "#0"},
				"east": {"uv": [11, 6, 13, 8], "texture": "#0"},
				"south": {"uv": [11, 6, 13, 8], "texture": "#0"},
				"west": {"uv": [11, 6, 13, 8], "texture": "#0"},
				"up": {
					"uv": [11, 6, 13, 8],
					"texture": "#0",
					"rotation": 270
				},
				"down": {
					"uv": [11, 6, 13, 8],
					"texture": "#0",
					"rotation": 90
				}
			}
		},
		{
			"name": "cube",
			"from": [7.5, 6, 11],
			"to": [8.5, 11, 12],
			"faces": {
				"north": {"uv": [0, 10, 1, 15], "texture": "#2"},
				"east": {"uv": [0, 10, 1, 15], "texture": "#2"},
				"south": {"uv": [0, 10, 1, 15], "texture": "#2"},
				"west": {"uv": [0, 10, 1, 15], "texture": "#2"},
				"up": {"uv": [0, 10, 1, 15], "texture": "#2"},
				"down": {"uv": [0, 10, 1, 15], "texture": "#2"}
			}
		},
		{
			"name": "cube",
			"from": [7.5, 6, 9],
			"to": [8.5, 11, 10],
			"faces": {
				"north": {"uv": [0, 3, 1, 8], "texture": "#2"},
				"east": {"uv": [0, 3, 1, 8], "texture": "#2"},
				"south": {"uv": [0, 3, 1, 8], "texture": "#2"},
				"west": {"uv": [0, 3, 1, 8], "texture": "#2"},
				"up": {"uv": [0, 3, 1, 8], "texture": "#2"},
				"down": {"uv": [0, 3, 1, 8], "texture": "#2"}
			}
		},
		{
			"name": "cube",
			"from": [11, 8, 10],
			"to": [13, 10, 15],
			"faces": {
				"north": {"uv": [4, 4, 6, 6], "texture": "#2"},
				"east": {"uv": [4, 4, 9, 6], "texture": "#2"},
				"south": {"uv": [0, 0, 2, 2], "texture": "#2"},
				"west": {"uv": [4, 4, 9, 6], "texture": "#2"},
				"up": {"uv": [2, 2, 4, 7], "texture": "#2"},
				"down": {"uv": [4, 4, 6, 9], "texture": "#2"}
			}
		},
		{
			"name": "cube",
			"from": [3, 8, 10],
			"to": [5, 10, 15],
			"faces": {
				"north": {"uv": [4, 4, 6, 6], "texture": "#2"},
				"east": {"uv": [4, 4, 9, 6], "texture": "#2"},
				"south": {"uv": [0, 0, 2, 2], "texture": "#2"},
				"west": {"uv": [4, 4, 9, 6], "texture": "#2"},
				"up": {"uv": [2, 2, 4, 7], "texture": "#2"},
				"down": {"uv": [4, 4, 6, 9], "texture": "#2"}
			}
		},
		{
			"name": "cube",
			"from": [11.5, 8.5, 9.5],
			"to": [12.5, 9.5, 10.5],
			"faces": {
				"north": {"uv": [7, 8, 9, 10], "texture": "#0"},
				"east": {"uv": [7, 8, 9, 10], "texture": "#0"},
				"south": {"uv": [7, 8, 9, 10], "texture": "#0"},
				"west": {"uv": [7, 8, 9, 10], "texture": "#0"},
				"up": {"uv": [7, 8, 9, 10], "texture": "#0"},
				"down": {"uv": [7, 8, 9, 10], "texture": "#0"}
			}
		},
		{
			"name": "cube",
			"from": [3.5, 8.5, 9.5],
			"to": [4.5, 9.5, 10.5],
			"faces": {
				"north": {"uv": [7, 8, 9, 10], "texture": "#0"},
				"east": {"uv": [7, 8, 9, 10], "texture": "#0"},
				"south": {"uv": [7, 8, 9, 10], "texture": "#0"},
				"west": {"uv": [7, 8, 9, 10], "texture": "#0"},
				"up": {"uv": [7, 8, 9, 10], "texture": "#0"},
				"down": {"uv": [7, 8, 9, 10], "texture": "#0"}
			}
		},
		{
			"name": "cube",
			"from": [11.5, 5.5, 9.5],
			"to": [12.5, 6.5, 10.5],
			"faces": {
				"north": {"uv": [7, 8, 9, 10], "texture": "#0"},
				"east": {"uv": [7, 8, 9, 10], "texture": "#0"},
				"south": {"uv": [7, 8, 9, 10], "texture": "#0"},
				"west": {"uv": [7, 8, 9, 10], "texture": "#0"},
				"up": {"uv": [7, 8, 9, 10], "texture": "#0"},
				"down": {"uv": [7, 8, 9, 10], "texture": "#0"}
			}
		},
		{
			"name": "cube",
			"from": [11, 5, 10],
			"to": [13, 7, 15],
			"faces": {
				"north": {"uv": [4, 4, 6, 6], "texture": "#2"},
				"east": {"uv": [4, 4, 9, 6], "texture": "#2"},
				"south": {"uv": [0, 0, 2, 2], "texture": "#2"},
				"west": {"uv": [4, 4, 9, 6], "texture": "#2"},
				"up": {"uv": [2, 2, 4, 7], "texture": "#2"},
				"down": {"uv": [4, 4, 6, 9], "texture": "#2"}
			}
		},
		{
			"name": "cube",
			"from": [3.5, 5.5, 9.5],
			"to": [4.5, 6.5, 10.5],
			"faces": {
				"north": {"uv": [7, 8, 9, 10], "texture": "#0"},
				"east": {"uv": [7, 8, 9, 10], "texture": "#0"},
				"south": {"uv": [7, 8, 9, 10], "texture": "#0"},
				"west": {"uv": [7, 8, 9, 10], "texture": "#0"},
				"up": {"uv": [7, 8, 9, 10], "texture": "#0"},
				"down": {"uv": [7, 8, 9, 10], "texture": "#0"}
			}
		},
		{
			"name": "cube",
			"from": [3, 5, 10],
			"to": [5, 7, 15],
			"faces": {
				"north": {"uv": [7, 8, 9, 10], "texture": "#2"},
				"east": {"uv": [7, 8, 9, 10], "texture": "#2"},
				"south": {"uv": [7, 8, 9, 10], "texture": "#2"},
				"west": {"uv": [7, 8, 9, 10], "texture": "#2"},
				"up": {"uv": [7, 8, 9, 10], "texture": "#2"},
				"down": {"uv": [7, 8, 9, 10], "texture": "#2"}
			}
		},
		{
			"name": "cube",
			"from": [12, 0, 5],
			"to": [13, 6, 6],
			"rotation": {
				"angle": 45,
				"axis": "z",
				"origin": [12.5, 1.5, 5.5]
			},
			"faces": {
				"north": {"uv": [0, 3, 1, 8], "texture": "#2"},
				"east": {"uv": [0, 3, 1, 8], "texture": "#2"},
				"south": {"uv": [0, 3, 1, 8], "texture": "#2"},
				"west": {"uv": [0, 3, 1, 8], "texture": "#2"},
				"up": {"uv": [0, 3, 1, 8], "texture": "#2"},
				"down": {"uv": [0, 3, 1, 8], "texture": "#2"}
			}
		},
		{
			"name": "cube",
			"from": [12, 0, 2],
			"to": [13, 6, 3],
			"rotation": {
				"angle": 45,
				"axis": "z",
				"origin": [12.5, 1.5, 2.5]
			},
			"faces": {
				"north": {"uv": [0, 3, 1, 9], "texture": "#2"},
				"east": {"uv": [0, 3, 1, 9], "texture": "#2"},
				"south": {"uv": [0, 3, 1, 9], "texture": "#2"},
				"west": {"uv": [0, 3, 1, 9], "texture": "#2"},
				"up": {
					"uv": [0, 3, 1, 9],
					"texture": "#2",
					"rotation": 270
				},
				"down": {
					"uv": [0, 3, 1, 9],
					"texture": "#2",
					"rotation": 90
				}
			}
		},
		{
			"name": "cube",
			"from": [3, 0, 2],
			"to": [4, 6, 3],
			"rotation": {
				"angle": -45,
				"axis": "z",
				"origin": [3.5, 1.5, 2.5]
			},
			"faces": {
				"north": {"uv": [0, 3, 1, 9], "texture": "#2"},
				"east": {"uv": [0, 3, 1, 9], "texture": "#2"},
				"south": {"uv": [0, 3, 1, 9], "texture": "#2"},
				"west": {"uv": [0, 3, 1, 9], "texture": "#2"},
				"up": {
					"uv": [0, 3, 1, 4],
					"texture": "#2",
					"rotation": 270
				},
				"down": {
					"uv": [0, 3, 1, 4],
					"texture": "#2",
					"rotation": 90
				}
			}
		},
		{
			"name": "cube",
			"from": [3, 0, 5],
			"to": [4, 6, 6],
			"rotation": {
				"angle": -45,
				"axis": "z",
				"origin": [3.5, 1.5, 5.5]
			},
			"faces": {
				"north": {"uv": [0, 3, 1, 9], "texture": "#2"},
				"east": {"uv": [0, 3, 1, 9], "texture": "#2"},
				"south": {"uv": [0, 3, 1, 9], "texture": "#2"},
				"west": {"uv": [0, 3, 1, 9], "texture": "#2"},
				"up": {
					"uv": [0, 3, 1, 4],
					"texture": "#2",
					"rotation": 270
				},
				"down": {
					"uv": [0, 3, 1, 4],
					"texture": "#2",
					"rotation": 90
				}
			}
		},
		{
			"name": "cube",
			"from": [17, 0, 5.5],
			"to": [17.4, 5, 10.5],
			"rotation": {
				"angle": 0,
				"axis": "y",
				"origin": [17.5, 3, 8.5]
			},
			"faces": {
				"north": {"uv": [0, 0, 2, 2], "texture": "#2"},
				"east": {"uv": [0, 0, 2, 2], "texture": "#2"},
				"south": {"uv": [0, 0, 2, 2], "texture": "#2"},
				"west": {"uv": [0, 0, 2, 2], "texture": "#2"},
				"up": {
					"uv": [0, 0, 2, 2],
					"texture": "#2",
					"rotation": 270
				},
				"down": {
					"uv": [0, 0, 2, 2],
					"texture": "#2",
					"rotation": 90
				}
			}
		},
		{
			"name": "cube",
			"from": [-1.5, 0, 5.5],
			"to": [-1.1000000000000014, 5, 10.5],
			"rotation": {
				"angle": 0,
				"axis": "y",
				"origin": [-1, 3, 8.5]
			},
			"faces": {
				"north": {"uv": [0, 0, 2, 2], "texture": "#2"},
				"east": {"uv": [0, 0, 2, 2], "texture": "#2"},
				"south": {"uv": [0, 0, 2, 2], "texture": "#2"},
				"west": {"uv": [0, 0, 2, 2], "texture": "#2"},
				"up": {
					"uv": [0, 0, 2, 2],
					"texture": "#2",
					"rotation": 270
				},
				"down": {
					"uv": [0, 0, 2, 2],
					"texture": "#2",
					"rotation": 90
				}
			}
		}
	]
}