{
	"credit": "Made with Blockbench",
	"textures": {
		"0": "block/redstone_torch",
		"particle": "block/redstone_torch"
	},
	"elements": [
		{
			"name": "cube",
			"from": [7, -0.6531942820897836, 7],
			"to": [9, 13.346805717910216, 9],
			"faces": {
				"north": {"uv": [7, 8, 9, 14], "texture": "#0"},
				"east": {"uv": [7, 8, 9, 14], "texture": "#0"},
				"south": {"uv": [7, 8, 9, 14], "texture": "#0"},
				"west": {"uv": [7, 8, 9, 14], "texture": "#0"},
				"up": {"uv": [7, 8, 9, 10], "texture": "#0"},
				"down": {"uv": [7, 8, 9, 14], "texture": "#0"}
			}
		},
		{
			"name": "cube",
			"from": [6, -0.6531942820897836, 6],
			"to": [10, 3.3468057179102164, 10],
			"faces": {
				"north": {"uv": [7, 6, 9, 8], "texture": "#0"},
				"east": {"uv": [7, 6, 9, 8], "texture": "#0"},
				"south": {"uv": [7, 6, 9, 8], "texture": "#0"},
				"west": {"uv": [7, 6, 9, 8], "texture": "#0"},
				"up": {"uv": [7, 6, 9, 8], "texture": "#0"},
				"down": {"uv": [7, 6, 9, 8], "texture": "#0"}
			}
		},
		{
			"name": "cube",
			"from": [7, -0.6531942820897836, 4],
			"to": [9, 0.3468057179102164, 12],
			"rotation": {
				"angle": 0,
				"axis": "y",
				"origin": [8, -0.15319428208978358, 8]
			},
			"faces": {
				"north": {
					"uv": [3, 6, 5, 8],
					"texture": "#0",
					"rotation": 270
				},
				"east": {
					"uv": [3, 6, 5, 8],
					"texture": "#0",
					"rotation": 270
				},
				"south": {
					"uv": [3, 6, 5, 8],
					"texture": "#0",
					"rotation": 270
				},
				"west": {
					"uv": [3, 6, 5, 8],
					"texture": "#0",
					"rotation": 270
				},
				"up": {
					"uv": [3, 6, 5, 8],
					"texture": "#0",
					"rotation": 270
				},
				"down": {
					"uv": [3, 6, 5, 8],
					"texture": "#0",
					"rotation": 270
				}
			}
		},
		{
			"name": "cube",
			"from": [4, -0.6531942820897836, 7],
			"to": [12, 0.3468057179102164, 9],
			"faces": {
				"north": {"uv": [3, 6, 5, 8], "texture": "#0"},
				"east": {"uv": [3, 6, 5, 8], "texture": "#0"},
				"south": {"uv": [3, 6, 5, 8], "texture": "#0"},
				"west": {"uv": [3, 6, 5, 8], "texture": "#0"},
				"up": {"uv": [3, 6, 5, 8], "texture": "#0"},
				"down": {"uv": [3, 6, 5, 8], "texture": "#0"}
			}
		},
		{
			"name": "cube",
			"from": [6.5, 11.346805717910216, 6.5],
			"to": [9.5, 12.346805717910216, 9.5],
			"faces": {
				"north": {"uv": [7, 6, 9, 7], "texture": "#0"},
				"east": {"uv": [7, 6, 9, 7], "texture": "#0"},
				"south": {"uv": [7, 6, 9, 7], "texture": "#0"},
				"west": {"uv": [7, 6, 9, 7], "texture": "#0"},
				"up": {"uv": [7, 6, 9, 7], "texture": "#0"},
				"down": {"uv": [7, 6, 9, 7], "texture": "#0"}
			}
		},
		{
			"name": "cube",
			"from": [6.5, 11.346805717910216, 6.5],
			"to": [9.5, 12.346805717910216, 9.5],
			"faces": {
				"north": {"uv": [0, 0, 3, 1], "texture": "#0"},
				"east": {"uv": [0, 0, 3, 1], "texture": "#0"},
				"south": {"uv": [0, 0, 3, 1], "texture": "#0"},
				"west": {"uv": [0, 0, 3, 1], "texture": "#0"},
				"up": {"uv": [0, 0, 3, 3], "texture": "#0"},
				"down": {"uv": [0, 0, 3, 3], "texture": "#0"}
			}
		},
		{
			"name": "cube",
			"from": [6.5, 9.346805717910216, 6.5],
			"to": [9.5, 10.346805717910216, 9.5],
			"faces": {
				"north": {"uv": [7, 6, 9, 7], "texture": "#0"},
				"east": {"uv": [7, 6, 9, 7], "texture": "#0"},
				"south": {"uv": [7, 6, 9, 7], "texture": "#0"},
				"west": {"uv": [7, 6, 9, 7], "texture": "#0"},
				"up": {"uv": [7, 6, 9, 7], "texture": "#0"},
				"down": {"uv": [7, 6, 9, 7], "texture": "#0"}
			}
		},
		{
			"name": "cube",
			"from": [6.5, 7.346805717910216, 6.5],
			"to": [9.5, 8.346805717910216, 9.5],
			"faces": {
				"north": {"uv": [7, 6, 9, 7], "texture": "#0"},
				"east": {"uv": [7, 6, 9, 7], "texture": "#0"},
				"south": {"uv": [7, 6, 9, 7], "texture": "#0"},
				"west": {"uv": [7, 6, 9, 7], "texture": "#0"},
				"up": {"uv": [7, 6, 9, 7], "texture": "#0"},
				"down": {"uv": [7, 6, 9, 7], "texture": "#0"}
			}
		},
		{
			"name": "cube",
			"from": [6.5, 3.3468057179102164, 6.5],
			"to": [9.5, 4.346805717910216, 9.5],
			"faces": {
				"north": {"uv": [7, 6, 9, 7], "texture": "#0"},
				"east": {"uv": [7, 6, 9, 7], "texture": "#0"},
				"south": {"uv": [7, 6, 9, 7], "texture": "#0"},
				"west": {"uv": [7, 6, 9, 7], "texture": "#0"},
				"up": {"uv": [7, 6, 9, 7], "texture": "#0"},
				"down": {"uv": [7, 6, 9, 7], "texture": "#0"}
			}
		},
		{
			"name": "cube",
			"from": [6.5, 5.346805717910216, 6.5],
			"to": [9.5, 6.346805717910216, 9.5],
			"faces": {
				"north": {"uv": [7, 6, 9, 7], "texture": "#0"},
				"east": {"uv": [7, 6, 9, 7], "texture": "#0"},
				"south": {"uv": [7, 6, 9, 7], "texture": "#0"},
				"west": {"uv": [7, 6, 9, 7], "texture": "#0"},
				"up": {"uv": [7, 6, 9, 7], "texture": "#0"},
				"down": {"uv": [7, 6, 9, 7], "texture": "#0"}
			}
		}
	]
}