{
	"credit": "Made with Blockbench, a free, modern block model editor by JannisX11",
	"textures": {"0": "block/torch"},
	"elements": [
		{
			"name": "cube",
			"from": [5, 0, 5],
			"to": [11, 1, 11],
			"faces": {
				"north": {"uv": [7, 6, 9, 7], "texture": "#0"},
				"east": {"uv": [7, 6, 9, 7], "texture": "#0"},
				"south": {"uv": [7, 6, 9, 7], "texture": "#0"},
				"west": {"uv": [7, 6, 9, 7], "texture": "#0"},
				"up": {"uv": [7, 6, 9, 8], "texture": "#0"},
				"down": {"uv": [7, 6, 9, 8], "texture": "#0"}
			},
			"type": "cube"
		},
		{
			"name": "cube",
			"from": [6, 0, 6],
			"to": [7, 4, 7],
			"faces": {
				"north": {"uv": [7, 8, 8, 12], "texture": "#0"},
				"east": {"uv": [7, 8, 8, 12], "texture": "#0"},
				"south": {"uv": [7, 8, 8, 12], "texture": "#0"},
				"west": {"uv": [7, 8, 8, 12], "texture": "#0"},
				"up": {"uv": [7, 8, 8, 9], "texture": "#0"},
				"down": {"uv": [0, 0, 1, 1], "texture": "#0"}
			},
			"type": "cube"
		},
		{
			"name": "cube",
			"from": [9, 0, 6],
			"to": [10, 4, 7],
			"faces": {
				"north": {"uv": [7, 8, 8, 12], "texture": "#0"},
				"east": {"uv": [7, 8, 8, 12], "texture": "#0"},
				"south": {"uv": [7, 8, 8, 12], "texture": "#0"},
				"west": {"uv": [7, 8, 8, 12], "texture": "#0"},
				"up": {"uv": [7, 8, 8, 9], "texture": "#0"},
				"down": {"uv": [0, 0, 1, 1], "texture": "#0"}
			},
			"type": "cube"
		},
		{
			"name": "cube",
			"from": [9, 0, 9],
			"to": [10, 4, 10],
			"faces": {
				"north": {"uv": [7, 8, 8, 12], "texture": "#0"},
				"east": {"uv": [7, 8, 8, 12], "texture": "#0"},
				"south": {"uv": [7, 8, 8, 12], "texture": "#0"},
				"west": {"uv": [7, 8, 8, 12], "texture": "#0"},
				"up": {"uv": [7, 8, 8, 9], "texture": "#0"},
				"down": {"uv": [0, 0, 1, 1], "texture": "#0"}
			},
			"type": "cube"
		},
		{
			"name": "cube",
			"from": [6, 0, 9],
			"to": [7, 4, 10],
			"faces": {
				"north": {"uv": [7, 8, 8, 12], "texture": "#0"},
				"east": {"uv": [7, 8, 8, 12], "texture": "#0"},
				"south": {"uv": [7, 8, 8, 12], "texture": "#0"},
				"west": {"uv": [7, 8, 8, 12], "texture": "#0"},
				"up": {"uv": [7, 8, 8, 9], "texture": "#0"},
				"down": {"uv": [0, 0, 1, 1], "texture": "#0"}
			},
			"type": "cube"
		},
		{
			"name": "cube",
			"from": [7.5, 1, 7.5],
			"to": [8.5, 5, 8.5],
			"faces": {
				"north": {"uv": [7, 8, 8, 12], "texture": "#0"},
				"east": {"uv": [7, 8, 8, 12], "texture": "#0"},
				"south": {"uv": [7, 8, 8, 12], "texture": "#0"},
				"west": {"uv": [7, 8, 8, 12], "texture": "#0"},
				"up": {"uv": [7, 8, 8, 9], "texture": "#0"},
				"down": {"uv": [0, 0, 1, 1], "texture": "#0"}
			},
			"type": "cube"
		},
		{
			"name": "cube",
			"from": [8.5, 0.5, 8.5],
			"to": [10.5, 1.5, 10.5],
			"faces": {
				"north": {"uv": [7, 6, 9, 7], "texture": "#0"},
				"east": {"uv": [7, 6, 9, 7], "texture": "#0"},
				"south": {"uv": [7, 6, 9, 7], "texture": "#0"},
				"west": {"uv": [7, 6, 9, 7], "texture": "#0"},
				"up": {"uv": [7, 6, 9, 8], "texture": "#0"},
				"down": {"uv": [7, 6, 9, 8], "texture": "#0"}
			},
			"type": "cube"
		},
		{
			"name": "cube",
			"from": [8.5, 0.5, 5.5],
			"to": [10.5, 1.5, 7.5],
			"faces": {
				"north": {"uv": [7, 6, 9, 7], "texture": "#0"},
				"east": {"uv": [7, 6, 9, 7], "texture": "#0"},
				"south": {"uv": [7, 6, 9, 7], "texture": "#0"},
				"west": {"uv": [7, 6, 9, 7], "texture": "#0"},
				"up": {"uv": [7, 6, 9, 8], "texture": "#0"},
				"down": {"uv": [7, 6, 9, 8], "texture": "#0"}
			},
			"type": "cube"
		},
		{
			"name": "cube",
			"from": [5.5, 0.5, 5.5],
			"to": [7.5, 1.5, 7.5],
			"faces": {
				"north": {"uv": [7, 6, 9, 7], "texture": "#0"},
				"east": {"uv": [7, 6, 9, 7], "texture": "#0"},
				"south": {"uv": [7, 6, 9, 7], "texture": "#0"},
				"west": {"uv": [7, 6, 9, 7], "texture": "#0"},
				"up": {"uv": [7, 6, 9, 8], "texture": "#0"},
				"down": {"uv": [7, 6, 9, 8], "texture": "#0"}
			},
			"type": "cube"
		},
		{
			"name": "cube",
			"from": [7.75, 4, 7.75],
			"to": [8.25, 6, 8.25],
			"faces": {
				"north": {"uv": [7, 8, 7.5, 10], "texture": "#0"},
				"east": {"uv": [7, 8, 7.5, 10], "texture": "#0"},
				"south": {"uv": [7, 8, 7.5, 10], "texture": "#0"},
				"west": {"uv": [7, 8, 7.5, 10], "texture": "#0"},
				"up": {"uv": [7, 8, 7.5, 8.5], "texture": "#0"},
				"down": {"uv": [0, 0, 0.5, 0.5], "texture": "#0"}
			},
			"type": "cube"
		},
		{
			"name": "cube",
			"from": [9.25, 3, 9.25],
			"to": [9.75, 5, 9.75],
			"faces": {
				"north": {"uv": [7, 8, 7.5, 10], "texture": "#0"},
				"east": {"uv": [7, 8, 7.5, 10], "texture": "#0"},
				"south": {"uv": [7, 8, 7.5, 10], "texture": "#0"},
				"west": {"uv": [7, 8, 7.5, 10], "texture": "#0"},
				"up": {"uv": [7, 8, 7.5, 8.5], "texture": "#0"},
				"down": {"uv": [0, 0, 0.5, 0.5], "texture": "#0"}
			},
			"type": "cube"
		},
		{
			"name": "cube",
			"from": [9.25, 3, 6.25],
			"to": [9.75, 5, 6.75],
			"faces": {
				"north": {"uv": [7, 8, 7.5, 10], "texture": "#0"},
				"east": {"uv": [7, 8, 7.5, 10], "texture": "#0"},
				"south": {"uv": [7, 8, 7.5, 10], "texture": "#0"},
				"west": {"uv": [7, 8, 7.5, 10], "texture": "#0"},
				"up": {"uv": [7, 8, 7.5, 8.5], "texture": "#0"},
				"down": {"uv": [0, 0, 0.5, 0.5], "texture": "#0"}
			},
			"type": "cube"
		},
		{
			"name": "cube",
			"from": [6.25, 3, 6.25],
			"to": [6.75, 5, 6.75],
			"faces": {
				"north": {"uv": [7, 8, 7.5, 10], "texture": "#0"},
				"east": {"uv": [7, 8, 7.5, 10], "texture": "#0"},
				"south": {"uv": [7, 8, 7.5, 10], "texture": "#0"},
				"west": {"uv": [7, 8, 7.5, 10], "texture": "#0"},
				"up": {"uv": [7, 8, 7.5, 8.5], "texture": "#0"},
				"down": {"uv": [0, 0, 0.5, 0.5], "texture": "#0"}
			},
			"type": "cube"
		},
		{
			"name": "cube",
			"from": [6.25, 3, 9.25],
			"to": [6.75, 5, 9.75],
			"faces": {
				"north": {"uv": [7, 8, 7.5, 10], "texture": "#0"},
				"east": {"uv": [7, 8, 7.5, 10], "texture": "#0"},
				"south": {"uv": [7, 8, 7.5, 10], "texture": "#0"},
				"west": {"uv": [7, 8, 7.5, 10], "texture": "#0"},
				"up": {"uv": [7, 8, 7.5, 8.5], "texture": "#0"},
				"down": {"uv": [0, 0, 0.5, 0.5], "texture": "#0"}
			},
			"type": "cube"
		}
	]
}