{
    "__comment": "Model generated using MrCrayfish's Model Creator (http://mrcrayfish.com/modelcreator/)",
    "textures": {
        "0": "block/torch"
    },
    "elements": [
        {
            "name": "Torch",
            "from": [ 1.0, 3.0, 7.5 ], 
            "to": [ 2.0, 13.0, 8.5 ], 
            "faces": {
                "north": { "texture": "#0", "uv": [ 7.0, 6.0, 9.0, 16.0 ] },
                "east": { "texture": "#0", "uv": [ 7.0, 6.0, 8.0, 16.0 ] },
                "south": { "texture": "#0", "uv": [ 7.0, 6.0, 8.0, 16.0 ] },
                "west": { "texture": "#0", "uv": [ 7.0, 6.0, 8.0, 16.0 ] },
                "up": { "texture": "#0", "uv": [ 7.0, 6.0, 8.0, 7.0 ] },
                "down": { "texture": "#0", "uv": [ 7.0, 6.0, 8.0, 7.0 ] }
            }
        },
        {
            "name": "Cube",
            "from": [ 0.5, 4.0, 7.0 ], 
            "to": [ 2.5, 5.0, 9.0 ], 
            "faces": {
                "north": { "texture": "#0", "uv": [ 7.0, 7.0, 9.0, 8.0 ] },
                "east": { "texture": "#0", "uv": [ 7.0, 7.0, 9.0, 8.0 ] },
                "south": { "texture": "#0", "uv": [ 7.0, 7.0, 9.0, 8.0 ] },
                "west": { "texture": "#0", "uv": [ 7.0, 7.0, 9.0, 8.0 ] },
                "up": { "texture": "#0", "uv": [ 7.0, 6.0, 9.0, 8.0 ] },
                "down": { "texture": "#0", "uv": [ 7.0, 6.0, 9.0, 8.0 ] }
            }
        },
        {
            "name": "Cube",
            "from": [ 0.5, 11.0, 7.0 ], 
            "to": [ 2.5, 12.0, 9.0 ], 
            "faces": {
                "north": { "texture": "#0", "uv": [ 7.0, 7.0, 9.0, 8.0 ] },
                "east": { "texture": "#0", "uv": [ 7.0, 7.0, 9.0, 8.0 ] },
                "south": { "texture": "#0", "uv": [ 7.0, 7.0, 9.0, 8.0 ] },
                "west": { "texture": "#0", "uv": [ 7.0, 7.0, 9.0, 8.0 ] },
                "up": { "texture": "#0", "uv": [ 7.0, 6.0, 9.0, 8.0 ] },
                "down": { "texture": "#0", "uv": [ 7.0, 6.0, 9.0, 8.0 ] }
            }
        },
        {
            "name": "Cube",
            "from": [ 0.0, 4.1, 7.5 ], 
            "to": [ 1.0, 4.8999999999999995, 8.5 ], 
            "faces": {
                "north": { "texture": "#0", "uv": [ 8.0, 7.0, 9.0, 7.8 ] },
                "east": { "texture": "#0", "uv": [ 8.0, 6.0, 9.0, 6.8 ] },
                "south": { "texture": "#0", "uv": [ 7.0, 7.0, 8.0, 7.8 ] },
                "west": { "texture": "#0", "uv": [ 8.0, 6.0, 9.0, 6.8 ] },
                "up": { "texture": "#0", "uv": [ 8.0, 6.0, 9.0, 7.0 ] },
                "down": { "texture": "#0", "uv": [ 8.0, 14.0, 9.0, 15.0 ] }
            }
        },
        {
            "name": "Cube",
            "from": [ 0.0, 11.1, 7.5 ], 
            "to": [ 1.0, 11.9, 8.5 ], 
            "faces": {
                "north": { "texture": "#0", "uv": [ 8.0, 7.0, 9.0, 7.8 ] },
                "east": { "texture": "#0", "uv": [ 8.0, 6.0, 9.0, 6.8 ] },
                "south": { "texture": "#0", "uv": [ 7.0, 7.0, 8.0, 7.8 ] },
                "west": { "texture": "#0", "uv": [ 8.0, 6.0, 9.0, 6.8 ] },
                "up": { "texture": "#0", "uv": [ 8.0, 6.0, 9.0, 7.0 ] },
                "down": { "texture": "#0", "uv": [ 8.0, 14.0, 9.0, 15.0 ] }
            }
        }
    ]
}